Name	Breed	Link
Sea Sea	Beagle	https://spca.org.sg/animal/sea-sea/
Princess	Boxer x Rottweiler	https://spca.org.sg/animal/princess/
Mocha	Chihuahua	https://spca.org.sg/animal/mocha/
Pixie	Chihuahua	https://spca.org.sg/animal/pixie-2/
Milo	Cockapoo	https://spca.org.sg/animal/milo-2/
Cheeky	Corgi	https://spca.org.sg/animal/cheeky/
Dong Dong	Corgi	https://spca.org.sg/animal/dong-dong/
Diego	Dachshund	https://spca.org.sg/animal/diego-2/
Blacky	Dalmadore	https://spca.org.sg/animal/blacky/
Kodie	English Cocker Spaniel	https://spca.org.sg/animal/kodie/
Marley	French Bulldog	https://spca.org.sg/animal/marley/
Baby	Golden Retriever	https://spca.org.sg/animal/baby-3/
Sadie	Goldendoodle	https://spca.org.sg/animal/sadie/
Aaron	Great Dane	https://spca.org.sg/animal/aaron/
Romeo	Indian Spitz	https://spca.org.sg/animal/romeo/
Feipo	Maltipoo	https://spca.org.sg/animal/feipo/
Rio	Maltipoo	https://spca.org.sg/animal/rio/
Bacon	Mini Dachshund	https://spca.org.sg/animal/bacon-2/
Sasha	Mini Dachshund	https://spca.org.sg/animal/sasha/
Koji	Miniature Labradoodle Mix	https://spca.org.sg/animal/koji/
Elton	Mongrel	https://spca.org.sg/animal/elton/
Kopi	Mongrel	https://spca.org.sg/animal/kopi-2/
Rainbow	Mongrel	https://spca.org.sg/animal/rainbow/
Pluto	Pomsky	https://spca.org.sg/animal/pluto/
Albus	Poodle	https://spca.org.sg/animal/albus/
GuDong	Poodle	https://spca.org.sg/animal/gudong/
Mochi	Poodle	https://spca.org.sg/animal/mochi-2/
Marie	Retriever	https://spca.org.sg/animal/marie/
Max	Rottweiler	https://spca.org.sg/animal/max/
Bibi	Shih Tzu	https://spca.org.sg/animal/bibi/
Zoro	Shih Tzu	https://spca.org.sg/animal/zoro/
Lily	Singapore Special - Mongrel	https://spca.org.sg/animal/lily-3/
Blackie	Singapore Special	https://spca.org.sg/animal/blackie-2/
Caspar	Singapore Special	https://spca.org.sg/animal/caspar/
Cody	Singapore Special	https://spca.org.sg/animal/cody-2/
Dangy	Singapore Special	https://spca.org.sg/animal/dangy/
Kopi	Singapore Special	https://spca.org.sg/animal/kopi/
Yoyo	Terrier Jack Russell	https://spca.org.sg/animal/yoyo/
Nemo	Toy Poodle	https://spca.org.sg/animal/nemo/
Xiao Xiong	Toy Poodle	https://spca.org.sg/animal/xiao-xiong/
